colony	gene	allele
baseline_0	Sytl1	Sytl1<tm1a(KOMP)Wtsi>
129P2/OlaHsd-Mkrn1<Gt(RRB087)Byg>/H_2	Mkrn1	Mkrn1<Gt(RRB087)Byg>
E04 (clone #5)_5	Brd7	Brd7<tm1aWtsi>
Akt2tm1Wtsi_6	Akt2	Akt2<tm1Wcs>
B07 (clone #2 repeat)_7	Mta1	Mta1<tm1aWtsi>
Tpm1tm1aWtsi_8	Tpm1	Tpm1<tm1aWtsi>
Dll1_C413Y_10	Dll1	Dll1<C413Y>
G03 (clone #23)_13	Epc1	Epc1<tm1aWtsi>
Apoetm1Unc_15	Apoe	Apoe<tm1Unc>
Kctd10RRG305_17	Kctd10	Kctd10<Gt(RRG305)Byg>
129P2/OlaHsd-Tpcn2<tm1H>/H_22	Tpcn2	Tpcn2<Gt(YHD437)Byg>
Beethoven_26	Tmc1	Tmc1<Bth>
C3H.Cg-Fbxo11<Jf>/H_27	Fbxo11	Fbxo11<Jf>
EPD0011_3_B08_28	Mta3	Mta3<tm3a(KOMP)Wtsi>
DKK3_30	Dkk3	Dkk3<tm1Cni>
C3H.Cg-Evi1<Jbo>/H_32	Mecom	Mecom<Jbo>
Trm1_33	1190005F20Rik	1190005F20Rik<Gt(W027A02)Wrst>
129-Nespas<tm3Jop>/H_36	Nespas	Unknown
Rassf1tm2Brd_38	Rassf1	Rassf1<tm1.2Brd>
Cadm1m2_41	Cadm1	Cadm1<tm1.2Brd>
C.Cg-Ostes/H_43	Ostes	Ostes
EPD0027_1_A04_46	Mier1	Mier1<tm1a(EUCOMM)Wtsi>
EPD0027_6_C05_47	Herc3	Herc3<tm1a(EUCOMM)Wtsi>
129S6/SvEv-Shh<tm1Chg>_48	Shh	Shh<tm1Chg>
Ube3bRRJ142_49	Ube3b	Ube3b<Gt(RRJ142)Byg>
Tmc1dn_51	Tmc1	Tmc1<dn>
Myo6sv_54	Myo6	Myo6<sv>
B6J-Ucp1<1H>/H_55	Ucp1	Ucp1<m1H>
Dll1_129_56	Dll1	Dll1<tm1Gos>
Matn3m1_59	Matn3	Matn3<tm1Brd>
B6.129P2-Vnn1<tm1Pna>/H_61	Vnn	Vnn1<tm1Pna>
Matn1tm1Goe_63	Matn1	Matn1<tm1Goe>
C3H.Cg-Trpc3<Mwk>/H_67	Trpc3	Trpc3<Mwk>
ENSMUSG00000065586Dmdo_69	Mir96	Mir96<Dmdo>
EPD0017_3_E02_71	Impad1	Impad1<tm1a(KOMP)Wtsi>
EPD0019_1_A05_73	Mysm1	Mysm1<tm1a(KOMP)Wtsi>
C3H.Cg-Vangl2<Lp>/H_75	Vangl2	Vangl2<Lp>
EPD0013_1_C02_77	Baz1b	Baz1b<tm2a(KOMP)Wtsi>
EPD0028_2_E10_78	Brd8	Brd8<tm1a(EUCOMM)Wtsi>
Dlg3_80	Gnl3	Gnl3<Gt(W062C05)Wrst>
EPD0013_1_B09_81	Epc2	Epc2<tm1a(EUCOMM)Wtsi>
B6.Cg-Sfrp5<Q27STOP>/H_82	Sfrp5	Sfrp5<Q27STOP>
ENSMUSG00000067798S-SCAM_85	NULL	S-SCAM
Myo7aHdb_88	Myo7a	Myo7a<Hdb>
B6J-Tg(Thy1-MAPT*P301S)_90	Tg(Thy1-MAPT*P301S)2541Godt 	Tg(Thy1-MAPT*P301S)2541Godt
Cdh23vz_92	Cdh23	Cdh23<v>
EPD0017_2_C11_94	Cc2d1b	Cc2d1b<tm1a(KOMP)Wtsi>
EPD0017_1_C01_96	Ttc39b	Ttc39b<tm1e(EUCOMM)Wtsi>
EPD0027_5_G01_97	Smyd5	Smyd5<tm1a(EUCOMM)Wtsi>
Hmx3hx_98	Hmx3	Hmx3<hx>
Pde6b+_100	Pde6b	Pde6b<+>
Longpockets_101	Lpk	Lpk
EPD0019_1_A03_102	Ctnnal1	Ctnnal1<tm1e(EUCOMM)Wtsi>
EPD0036_1_G01_104	Cdh1	Cdh1<tm1a(EUCOMM)Wtsi>
EPD0018_2_D02_105	Dot1l	Dot1l<tm1a(KOMP)Wtsi>
Ptdsr_106	Jmjd6	Jmjd6<tm1.1Gbf>
C3H.Cg-Scrib<Crc>/H_111	Scrib	Scrib<Crc>
Dll1_C3H_113	Dll1	Dll1<tm1Gos>
Blite_114		Blite
B6J.129-Kcnj16<tm1Sjtu>/H_115	Kcnj16	Kcnj16<tm1Sjtu>
B6.Cg-Mro<tm1H>/H_116	Mro	Mro<tm1H>
129X1-Smo<tm1Amc>/J_117	Smo	Smo<tm1Amc>
C.Cg-Celsr1<Crsh>/H_118	Celsr1	Celsr1<Crsh>
B6.Cg-Sfrp2<C50F>/H _120	Sfrp2	Sfrp2<C50F> 
C3H.Cg-Celsr1<Scy>/H_121	Celsr1	Celsr1<Scy>
B6N-Tnfaip1<tm1a(EUCOMM)Wtsi>/H_122	Tnfaip1	Tnfaip1<tm1a(EUCOMM)Wtsi>
129S6/SvEv-Nodal<tm1Rob>_123	Nodal	Nodal<tm1Rob>
129S6/SvEv-Ablim1<tm1H>/H_124	Ablim1	Unknown
129P2/OlaHsd-Fbxl3<tm1H>/H_125	Fbxl3	Fbxl3<Gt(CB0226)Wtsi>
C3H.Cg-Mfl/H_126		Mfl
129/SvEv-Gnas<tm1Jop>/H_127	Gnas	Gnas<tm1Jop>
129/SvEv-Nespas<tm1Jop>/H_128	Nespas	Nespas<tm1Jop>
EPD0066_2_F05_129	Ift20	Ift20<tm1a(EUCOMM)Wtsi>
EPD006_5_E04_130	NULL	NULL
EPD0060_3_G04_131	Sept8	Sept8<tm1a(EUCOMM)Wtsi>
EPD0023_2_A12_132	NULL	NULL
EPD0038_2_B07_133	C1qbp	C1qbp<tm1a(EUCOMM)Wtsi>
EPD0057_1_H01_134	Fam63a	Fam63a<tm1a(EUCOMM)Wtsi>
EPD0057_2_A08_135	Ndufs3	Ndufs3<tm1a(EUCOMM)Wtsi>
EPD0021_2_G05_136	NULL	NULL
EPD0039_1_C07_137	Srsf4	Srsf4<tm1a(EUCOMM)Wtsi>
EPD0060_2_H09_138	B9d1	B9d1<tm1a(EUCOMM)Wtsi>
EPD0038_4_D01_139	Ube2b	Ube2b<tm1a(EUCOMM)Wtsi>
EPD0059_4_D03_140	Ngfr	Ngfr<tm1a(EUCOMM)Wtsi>
EPD0065_5_A04_141	Jmjd5	Jmjd5<tm1a(EUCOMM)Wtsi>
EPD0038_2_E10_142	NULL	NULL
EPD0061_1_C10_143	Fabp3	Fabp3<tm1a(EUCOMM)Wtsi>
EPD0039_3_C02_144	Grhl3	Grhl3<tm1a(EUCOMM)Wtsi>
EPD0040_1_B07_145	Limk2	Limk2<tm1a(EUCOMM)Wtsi>
EPD0021_1_F09_146	Prpsap2	Prpsap2<tm1a(EUCOMM)Wtsi>
EPD0057_2_C04_147	Rnf7	Rnf7<tm1a(EUCOMM)Wtsi>
EPD0059_1_A06_148	NULL	NULL
EUCJ0053g09_149	NULL	NULL
EPD0052_1_G06_150	NULL	NULL
EUCJ0012h08_151	NULL	NULL
EPD0037_3_G01_152	NULL	NULL
EPD0057_2_C02_153	Ttll4	Ttll4<tm1a(EUCOMM)Wtsi>
EPD0023_1_F07_154	Slc38a10	Slc38a10<tm2a(EUCOMM)Wtsi>
EPD0069_1_A07_155	NULL	NULL
EPD0069_2_E02_156	Pa2g4	Pa2g4<tm1a(EUCOMM)Wtsi>
EPD0039_1_B01_157	Snip1	Snip1<tm1a(EUCOMM)Wtsi>
EPD0069_1_G06_158	NULL	NULL
EPD0052_3_D02_159	Fam117b	Fam117b<tm1a(EUCOMM)Wtsi>
EPD0027_1_F07_160	NULL	NULL
EPD0027_1_F01_161	NULL	NULL
EPD0160_2_A08_162	Prmt5	Prmt5<tm2a(EUCOMM)Wtsi>
EPD0028_3_D01_163	Hdac3	Hdac3<tm1a(EUCOMM)Wtsi>
EPD0143_4_A03_164	Mks1	Mks1<tm1a(EUCOMM)Wtsi>
EPD0130_2_C06_165	Tcf7l2	Tcf7l2<tm2a(EUCOMM)Wtsi>
B11_166	NULL	NULL
EPD0019_1_D07_167	Chd7	Chd7<tm2a(EUCOMM)Wtsi>
EPD0052_1_F01_168	NULL	NULL
EPD0025_4_H04_169	NULL	NULL
EPD0025_6_A10_170	NULL	NULL
EPD0013_1_G11_171	NULL	NULL
EPD0028_1_G04_172	NULL	NULL
EPD0028_2_B07_173	NULL	NULL
EPD0028_2_F04_174	NULL	NULL
EPD0052_1_B10_175	NULL	NULL
EPD0160_3_C06_176	NULL	NULL
EPD0160_2_A11_177	NULL	NULL
EPD0028_4_H02_178	NULL	NULL
EPD0028_5_A01_179	NULL	NULL
EPD0028_5_E07_180	Ikbkb	Ikbkb<tm1a(EUCOMM)Wtsi>
EPD0021_1_D01_181	NULL	NULL
EPD0130_2_B09_182	Mthfd1l	Mthfd1l<tm1a(EUCOMM)Wtsi>
EPD0027_5_F11_183	NULL	NULL
EPD0027_5_E08_184	NULL	NULL
EPD0070_4_D07_185	NULL	NULL
EPD0070_4_A04_186	NULL	NULL
EPD0027_5_E04_187	Brpf3	Brpf3<tm1a(EUCOMM)Wtsi>
EPD0027_4_H11_188	NULL	NULL
EPD0021_4_A12_189	NULL	NULL
EPD0027_4_C08_190	NULL	NULL
EPD0069_2_H09_191	Sympk	Sympk<tm1a(EUCOMM)Wtsi>
EPD0036_3_A05_192	NULL	NULL
EPD0027_4_B02_193	Rad18	Rad18<tm1a(EUCOMM)Wtsi>
EPD0021_2_G09_194	NULL	NULL
EPD0070_1_A05_195	NULL	NULL
EPD0037_1_F05_196	NULL	NULL
EPD0037_3_D11_197	NULL	NULL
EPD0070_1_G07_198	NULL	NULL
EPD0038_2_A04_199	Stx8	Stx8<tm2a(EUCOMM)Wtsi>
EPD0038_2_E01_200	NULL	NULL
EPD0038_3_D10_201	NULL	NULL
EPD0080_2_A02_202	NULL	NULL
EPD0103_2_B05_203	Mis18bp1	Mis18bp1<tm1a(EUCOMM)Wtsi>
EPD0105_1_A03_204	Prmt8	Prmt8<tm1a(EUCOMM)Wtsi>
EPD0039_5_B05_205	Hspb11	Hspb11<tm1a(EUCOMM)Wtsi>
EPD0028_1_D08_206	NULL	NULL
EPD0113_2_D12_207	NULL	NULL
EPD0043_5_E04_208	NULL	NULL
EPD0045_1_B01_209	NULL	NULL
EPD0045_2_C04_210	Rars2	Rars2<tm1a(EUCOMM)Wtsi>
EPD0046_1_A07_211	Cntfr	Cntfr<tm1a(EUCOMM)Wtsi>
EPD0046_1_C04_212	Wdr47	Wdr47<tm1a(EUCOMM)Wtsi>
EPD0046_1_C10_213	NULL	NULL
EPD0046_1_H01_214	NULL	NULL
EPD0046_2_A08_215	NULL	NULL
EPD0046_2_F02_216	Yipf1 	Yipf1<tm1a(EUCOMM)Wtsi> 
EPD0051_2_B05_217	NULL	NULL
EPD0051_2_D12_218	Adam17	Adam17<tm1a(EUCOMM)Wtsi>
EPD0027_1_C10_219	NULL	NULL
EPD0027_1_D01_220	NULL	NULL
EPD0051_3_C10_221	NULL	NULL
EPD0160_3_A04_222	NULL	NULL
EPD0052_2_F04_223	NULL	NULL
EPD0056_3_A09_224	NULL	NULL
EPD0056_4_B01_225	NULL	NULL
EPD0036_1_F07_226	NULL	NULL
EPD0027_3_D06_227	NULL	NULL
EPD0036_1_F01_228	NULL	NULL
EPD0065_3_E10_229	NULL	NULL
EPD0057_4_A10_230	NULL	NULL
EPD0036_1_B10_231	Bbx	Bbx<tm1a(EUCOMM)Wtsi>
EPD0027_2_F04_232	NULL	NULL
EPD0033_4_C03_233	Zfp106	Zfp106<tm1a(KOMP)Wtsi>
EPD0033_4_A11_234	NULL	NULL
EPD0027_2_B10_235	NULL	NULL
EPD0031_2_F01_236	NULL	NULL
EPD0060_1_A07_237	Sparc	Sparc<tm1a(EUCOMM)Wtsi>
EPD0028_7_G05_238	NULL	NULL
EPD0021_2_B01_239	NULL	NULL
EPD0059_2_C08_240	NULL	NULL
EPD0058_5_D03_241	NULL	NULL
EPD0009_1_F01_242	NULL	NULL
EPD0058_4_E06_243	NULL	NULL
EPD0058_3_G07_244	NULL	NULL
EPD0028_7_A08_245	Slx4	Slx4<tm1a(EUCOMM)Wtsi>
EPD0058_3_B01_246	NULL	NULL
EPD0028_6_G12_247	NULL	NULL
EPD0061_2_F06_248	Prkcz	Prkcz<tm1a(EUCOMM)Wtsi>
EPD0065_1_D04_249	Mapk1	Mapk1<tm1a(EUCOMM)Wtsi>
EPD0065_1_F10_250	NULL	NULL
B07(clone#2repeat)_251	NULL	NULL
EPD0066_2_D10_252	NULL	NULL
EPD0066_2_F01_253	Rhot1	Rhot1<tm1a(EUCOMM)Wtsi>
EPD0058_3_A11_254	Dhcr24	Dhcr24<tm1a(EUCOMM)Wtsi>
EPD0058_2_F07_255	NULL	NULL
EPD0028_6_D04_256	NULL	NULL
EPD0058_2_E04_257	Ints12	Ints12<tm1a(EUCOMM)Wtsi>
EPD0058_2_C10_258	NULL	NULL
EPD0069_3_E07_259	NULL	NULL
EPD0069_4_H07_260	NULL	NULL
EPD0028_5_G06_261	NULL	NULL
EPD0027_2_B01_262	NULL	NULL
EPD0070_1_B01_263	Prmt1	Prmt1<tm1a(EUCOMM)Wtsi>
EPD0058_1_D07_264	NULL	NULL
EPD0070_2_G01_265	NULL	NULL
EPD0070_2_G04_266	Ldha	Ldha<tm1a(EUCOMM)Wtsi>
EPD0070_2_G09_267	Ncaph2	Ncaph2<tm1a(EUCOMM)Wtsi>
EPD0070_3_B02_268	NULL	NULL
EPD0070_3_G09_269	Lrig1	Lrig1<tm1a(EUCOMM)Wtsi>
EPD0070_4_E10_270	NULL	NULL
EPD0058_1_A11_271	Arpc4	Arpc4<tm1a(EUCOMM)Wtsi>
EPD0070_5_C01_272	Myh9	Myh9<tm1a(EUCOMM)Wtsi>
EPD0070_5_D05_273	NULL	NULL
EPD0080_1_D08_274	NULL	NULL
EPD0080_1_D11_275	NULL	NULL
EPD0080_1_H04_276	Zranb2	Zranb2<tm1a(EUCOMM)Wtsi>
EPD0087_4_A02_277	Rnaseh2b	Rnaseh2b<tm1a(EUCOMM)Wtsi>
EPD0021_1_E04_278	NULL	NULL
EPD0098_4_A01_279	NULL	NULL
EPD0102_2_B01_280	NULL	NULL
EPD0016_2_F07_281	NULL	NULL
EPD0103_2_C01_282	NULL	NULL
EPD0103_3_A11_283	NULL	NULL
EPD0103_5_A10_284	Fto	Fto<tm1a(EUCOMM)Wtsi>
G07(clone#7)_285	NULL	NULL
EPD0105_2_F10_286	Nsun2	Nsun2<tm1a(EUCOMM)Wtsi>
EPD0105_2_G01_287	NULL	NULL
EPD0105_5_A09_288	NULL	NULL
EPD0039_5_G01_289	Mecr	Mecr<tm1a(EUCOMM)Wtsi>
EPD0105_6_E08_290	Efna1	Efna1<tm1a(EUCOMM)Wtsi>
EPD0028_3_E10_291	NULL	NULL
EPD0113_4_F03_292	Sgol1	Sgol1<tm1a(EUCOMM)Wtsi>
EPD0114_2_F08_293	NULL	NULL
EPD0114_3_G12_294	Ppp5c	Ppp5c<tm1a(EUCOMM)Wtsi>
EPD0116_3_E02_295	Gap43	Gap43<tm1a(EUCOMM)Wtsi>
EPD0117_1_G06_296	NULL	NULL
EPD0126_1_E04_297	NULL	NULL
EPD0126_2_C08_298	NULL	NULL
EPD0126_2_D06_299	Brdt	Brdt<tm1a(EUCOMM)Wtsi>
EPD0126_2_F09_300	Mbtd1	Mbtd1<tm2a(EUCOMM)Wtsi>
EPD0126_4_D04_301	NULL	NULL
EPD0126_4_F03_302	NULL	NULL
EPD0127_3_B05_303	NULL	NULL
EPD0127_3_B11_304	NULL	NULL
EPD0127_4_E01_305	Trafd1	Trafd1<tm1a(EUCOMM)Wtsi>
EPD0127_5_C07_306	NULL	NULL
EPD0130_1_D07_307	NULL	NULL
EPD0028_3_D07_308	NULL	NULL
EUCJ0019c12_309	NULL	NULL
EPD0052_1_G08_310	Uhrf1	Uhrf1<tm1a(EUCOMM)Wtsi>
EUCE0054a05_311	NULL	NULL
EUCE0050e03_312	NULL	NULL
EUCE0050a02_313	NULL	NULL
EUCE0047a08_314	NULL	NULL
EUCE0027g03_315	NULL	NULL
EUCE0024b10_316	NULL	NULL
EUCE0009d01_317	NULL	NULL
EPD0040_2_C08_318	Nos2	Nos2<tm1a(EUCOMM)Wtsi>
EPD0105_5_E01_319	Dusp4	Dusp4<tm1a(EUCOMM)Wtsi>
EPD0089_4_F11_320	Aldh2	Aldh2<tm1a(EUCOMM)Wtsi>
EUCJ0004f10_321	NULL	NULL
EPD0089_1_A07_322	NULL	NULL
EPD0059_2_D02_323	Mtmr4	Mtmr4<tm1a(EUCOMM)Wtsi>
BL6J_1-control_324	unknown	unknown
BL6N_4-control_325	unknown	unknown
BL6J_2-control_326	unknown	unknown
BL6N_5-control_327	unknown	unknown
BL6N_6-control_328	unknown	unknown
BL6N_7-control_329	unknown	unknown
BL6J_3-control_330	unknown	unknown
BL6N_8-control_331	unknown	unknown
baseline Het_332	null	null
baseline Het_333	null	null
control_9999		
B6N-Snip1<tm1a(EUCOMM)Wtsi>/H_10001	Snip1	Snip1<tm1a(EUCOMM)Wtsi>
B6N-Cyb561<tm1a(EUCOMM)Wtsi>/H_10002	Cyb561	Cyb561<tm1a(EUCOMM)Wtsi>
129P2/OlaHsd-Tpcn1<tm1H>/H_10003	Tpcn1	Tpcn1<Gt(XG716)Byg>
C3H.Cg-Bfc/H_10005		Bfc
C3H.Cg-Ptk7<chz>/H_10006	Ptk7	Ptk7<chz>
C3H.Cg-Tulp3<hhkr>/H_10007	Tulp3	Tulp3<hhkr>
Deltagen_1228_10008	Adamts1	Adamts1<tm1Dgen>
Deltagen_1054_10009	Eltd1	Eltd1<tm1Dgen>
Deltagen__10010	Eltd1	Eltd1<tm1Dgen>
Deltagen_159_10011	Tpcn1	Tpcn1<tm1Dgen>
Deltagen_963_10012	Gpr56	Gpr56<tm1Dgen>
Deltagen_821_10013	Lphn2	Lphn2<tm1Dgen>
Deltagen_1229_10014	Adamts2	Adamts2<tm1Dgen>
Deltagen_3209_10015	Pak2	Pak2<tm1Dgen>
Deltagen_1368_10016	Prep	Prep<tm1Dgen>
Deltagen_365_10017	Ccr9	Ccr9<tm1Dgen>
Deltagen_43_10018	P2ry12	P2ry12<tm1Dgen>
Deltagen_901_10019	Kcnj15	Kcnj15<tm1Dgen>
Deltagen_881_10020	Trpc6	Trpc6<tm1Dgen>
Deltagen_1123_10021	Trpc4	Trpc4<tm1Dgen>
Deltagen_605_10022	Mc2r	Mc2r<tm1Dgen>
Deltagen_639_10023	Npy6r	Npy6r<tm1Dgen>
Deltagen_407_10024	Nr1d2	Nr1d2<tm1Dgen>
Deltagen_828_10025	Galr2	Galr2<tm1Dgen>
EPD0038_2_B10_10026	Xbp1	Xbp1<tm1a(EUCOMM)Wtsi>
EPD0021_1_F05_10027	Agxt2l2	Agxt2l2<tm1a(EUCOMM)Wtsi
EPD0065_2_E04_10028	Clk1	Clk1<tm1a(EUCOMM)Wtsi>
EUCBL6FP00042B07_10030	Setdb1	Setdb1<tm1a(EUCOMM)Wtsi>
background_10034	null	
clone 1_10035	Akt2	Akt2<tm1Wcs>
EPD0001_3_E04_10036	Brd7	Brd7<tm3a(EUCOMM)Wtsi>
EPD0002_2_B07_10037	Mta1	Mta1<tm1a(EUCOMM)Wtsi>
EPD0001_3_G07_10038	Tpm1	Tpm1<tm1a(EUCOMM)Wtsi>
EPD0002_3_G03_10039	Epc1	Epc1<tm1a(EUCOMM)Wtsi>
ApoeApoe<tm1Unc>_10040	Apoe	Apoe<tm1Unc>
Kctd10Kctd10<Gt(RRG305)Byg>_10041	Kctd10	Kctd10<Gt(RRG305)Byg>
Rassf1Rassf1<tm1.2Brd>_10042	Rassf1	Rassf1<tm1.2Brd>
Cadm1Cadm1<tm1.2Brd>_10043	Cadm1	Cadm1<tm1.2Brd>
Ube3bUbe3b<Gt(RRJ142)Byg>_10044	Ube3b	Ube3b<Gt(RRJ142)Byg>
Tmc1Tmc1<dn>_10045	Tmc1	Tmc1<dn>
Myo6Myo6<sv>_10046	Myo6	Myo6<sv>
Ankrd13aAnkrd13a<Gt(RRH308)Byg>_10047	Ankrd13a	Ankrd13a<Gt(RRH308)Byg>
Matn3Matn3<tm1Brd>_10048	Matn3	Matn3<tm1Brd>
Matn1Matn1<tm1Goe>_10049	Matn1	Matn1<tm1Goe>
ENSMUSG00000065586ENSMUSG00000065586<Dmdo>_10050	Mir96 	Mir96<Dmdo>
Myo7aMyo7a<Hdb>_10051	Myo7a	Myo7a<Hdb>
Magi2Magi2<tm1Grnt>_10052	Magi2	Magi2<tm1Grnt>
Cdh23Cdh23<v>_10053	Cdh23	Cdh23<v>
Hmx3Hmx3<hx>_10054	Hmx3	Hmx3<tm1Ebo>
Grin2aGrin2a<tm1Rsp>_10055	Grin2a	Grin2a<tm1Rsp>
EPD0017_3_A07_10057	Zfp184	Zfp184<tm1a(KOMP)Wtsi>
EPD0068_1_B03_10058	Cit	Cit<tm1a(KOMP)Wtsi>
EPD0028_1_F01_10059	Smyd2	Smyd2<tm1a(KOMP)Wtsi>
EPD0033_1_C08_10060	Cds2	Cds2<tm1a(KOMP)Wtsi>
B6;129-Ptch1<tm1Mps>/J_10070	Ptch1	Ptch1<tm1Mps> 
EUCJ0053_G09_10071		
EPD0140_5_D09_10072	Grin2d	Grin2d<tm1a(EUCOMM)Wtsi>
T181_10073	Gper	Gper<tm1Dgen>
Tp53_10076	Trp53inp1	Trp53inp1<tm1Acar>
Arl4_10078	Arl4a	Arl4a<tm1Asch>
FoxP2_10079	Foxp2	Foxp2<tm1Woen>
Glut8_10081	Slc2a8	Slc2a8<tm1.1Asch>
EUC FP00052B10_10083	Irf1	Irf1<tm1a(EUCOMM)Wtsi>
mPtpg_10085	Nipal3	Nipal3<tm1Pbfd>
Eya3_10086	Eya3	Eya3<Gt(W096D02)Wrst>
Vimentin_10087	Vim	Vim<tm2Cba>
Eyl_10089	Pitx3	Pitx3<eyl>
NULL	Acot13	Acot13<tm1a(EUCOMM)Wtsi>
M076C04_10094	Nkain4	Nkain4<Gt(M076C04)Vmel>
EPD0028_5_G01_10095	Hdac1	Hdac1<tm1a(EUCOMM)Wtsi>
EPD0051_2_D09_10096	Plxnb2	Plxnb2<tm1a(EUCOMM)Wtsi>
EUCJ0004_F10_10098	Nfya	Nfya<Gt(EUCJ0004f10)Hmgu>
EPD0156_1_B01_10099	Entpd1	Entpd1<tm1a(EUCOMM)Wtsi>
EPD0060_1_B12_10100	Hgs	Hgs<tm1a(EUCOMM)Wtsi>
EPD0087_1_G04_10101	Fermt2	Fermt2<tm1a(EUCOMM)Wtsi>
EUCJ0019_C12_10102	Pml	
EPD0155_1_D04_10103	Myl4	Myl4<tm1a(EUCOMM)Wtsi>
DNase-X_10104	Dnase1l1	Dnase1l1<tm1Dkfz>
NR1D1_10105	Nr1d1	Nr1d1
Nr6a1_10107	Nr6a1	Nr6a1
Nr3c2_10108	Nr3c2	Nr3c2
Nr0b2_10109	Nr0b2	Nr0b2
Nr2b3_10110	Rxrg	Rxrg
EPD0060_2_A11_10111	Smpdl3b	Smpdl3b<tm1a(EUCOMM)Wtsi>
129P2/OlaHsd-Map3k1<tm1H>/H_10115	Map3k1	Map3k1<tm1H>
B6J.Cg-Sfrp2<I153N>/H_10116	Sfrp2	Sfrp2<I153N>
EPD0065_4_D03_10117	Bre	Bre<tm1a(EUCOMM)Wtsi>
129P2/OlaHsd-Map3k1<Gt(YTC001)Byg>/H_10118	Map3k1	Map3k1<Gt(YTC001)Byg>
EPD0183_3_C02_10119	Ggt1	Ggt1<tm1a(EUCOMM)Wtsi>
EPD0100_4_A06_10120	Elk4	Elk4<tm1a(EUCOMM)Wtsi>
EPD0143_2_C03_10121	Cisd2	Cisd2<tm1a(EUCOMM)Wtsi>
C3H.Cg-Ankrd11<Yod>/H_10122	Ankrd11	Ankrd11<Yod>
HEPD0522-3-C07_10123	Gm5134	Gm5134<tm1a(EUCOMM)Hmgu>
internal_10125	NULL	Rev-Erba
EPD0183_3_F08_10126	Dlec1	Dlec1<tm1a(EUCOMM)Wtsi>
EPD0102_1_D06_10127	Arvcf	Arvcf<tm1a(EUCOMM)Wtsi>
EUCF0030A12_10128	Sorbs1	unknown
HEPD0073_3_C11_10129	Wbscr16	Wbscr16<tm1a(EUCOMM)Hmgu>
Nr1i2_10130	Nr1i2	Nr1i2
Snx5_10131	Snx5	Snx5
EPD0023_2_D12_10132	Tcf7	Tcf7<tm1a(EUCOMM)Wtsi> 
EPD0518_6_B02_10133	Ephx1	Ephx1
EPD0117_1_C02_10134	Tmem68	Tmem68<tm1a(EUCOMM)Wtsi> 
EPD0177_2_H03_10135	Ino80e	Ino80e<tm1a(EUCOMM)Wtsi>
EPD0080_1_B11_10136	Asxl1	Asxl1<tm1a(EUCOMM)Wtsi>
FoxP2delta ex7_10137	Foxp2	Foxp2<tm2.1Woen>
EPD0147_3_D05_10138	Gpn1	Gpn1<tm1a(EUCOMM)Wtsi>
EPD0116_3_D06_10139	Cidec	Cidec<tm1a(EUCOMM)Wtsi>
EPD0059_2_G04_10140	Wrnip1	Wrnip1<tm1a(EUCOMM)Wtsi>
EUC0054A05_10141	Actn1	Actn1<Gt(EUC0054a05)Hmgu>
EPD0018_1_D08_10142	Cbx7	Cbx7<tm1a(KOMP)Wtsi>
EPD0033_2_A09_10143	Ikbkap	Ikbkap<tm1a(KOMP)Wtsi>
EPD0033_3_C11_10144	Crlf3	Crlf3<tm1a(KOMP)Wtsi>
EPD0043_3_B02_10145	Ampd3	Ampd3<tm2a(KOMP)Wtsi>
EPD0025_4_B07_10146	Csrp2bp	Csrp2bp<tm1a(KOMP)Wtsi>
Prkab1Prkab1<Gt(RRR454)Byg>_10147	Prkab1	Prkab1<Gt(RRR454)Byg>
EPD0033_4_D01_10148	Nfkb1	Nfkb1<tm1a(KOMP)Wtsi>
EPD0079_1_A10_10149	Slc22a21	Slc22a21<tm1a(KOMP)Wtsi>
EPD0090_4_H11_10150	Dusp3	Dusp3<tm1a(KOMP)Wtsi>
EPD0084_1_C03_10151	Sytl1	Sytl1<tm1a(KOMP)Wtsi>
EPD0026_1_H08_10152	Pnpt1	Pnpt1<tm1a(KOMP)Wtsi>
EPD0033_2_D07_10153	Gmnn	Gmnn<tm1a(KOMP)Wtsi>
EPD0095_1_A11_10154	Acot6	Acot6<tm1a(KOMP)Wtsi>
EPD0018_2_C08_10155	Jarid2	Jarid2<tm1a(KOMP)Wtsi>
EPD0081_5_E07_10156	Abhd5	Abhd5<tm1a(KOMP)Wtsi>
EPD0033_1_F12_10157	Nf1	Nf1<tm1a(KOMP)Wtsi>
EPD0158_3_A08_10158	Rhd	Rhd<tm1a(EUCOMM)Wtsi>
EPD0056_1_A10_10159	Eps15	Eps15<tm1a(KOMP)Wtsi>
EPD0087_1_D11_10160	Adar	Adar<tm1a(EUCOMM)Wtsi>
EPD0086_2_F11_10161	Gys2	Gys2<tm1a(KOMP)Wtsi>
EPD0164_6_A02_10162	Gbe1	Gbe1<tm1a(KOMP)Wtsi>
EPD0089_2_F03_10163	Plekhm2	Plekhm2<tm1a(EUCOMM)Wtsi>
EPD0059_3_A06_10168	Acot13	Acot13<tm1a(EUCOMM)Wtsi>
EPD0060_4_E10_10169	Cpeb4	Cpeb4<tm1a(EUCOMM)Wtsi>
EPD0100_4_A03_10170	Nfkbid	Nfkbid<tm1a(EUCOMM)Wtsi>
HEPD0516_1_C05_10171	Frmd5	Frmd5<tm1a(EUCOMM)Hmgu>
EPD0028_1_F01_10172	Smyd2	Smyd2<tm1a(KOMP)Wtsi>
N00007P0_T5B3_10173	Anxa6	Anxa6<tm1(NCOM)Cmhd>
HEPD0534_5_A02_10174	Myoz1	Myoz1<tm1a(EUCOMM)Hmgu>
HEPD0538_5_B01_10175	Gstt1	Gstt1<tm1a(EUCOMM)Hmgu>
HEPD0538_7_A07_10176	Usp12	Usp12<tm1a(EUCOMM)Hmgu>
EPD0103_4_D07_10177	Pik3c3	Pik3c3<tm1a(EUCOMM)Wtsi>
EPD0060_2_D02_10178	Aldh3a2	Aldh3a2<tm1a(EUCOMM)Wtsi>
EPD0113_4_D09_10179	Bspry	Bspry<tm1a(EUCOMM)Wtsi>
EPD0142_4_B09_10180	Crtc1	Crtc1<tm1a(EUCOMM)Wtsi>
EPD0155_1_B07_10181	Tnfrsf1b	Tnfrsf1b<tm1a(EUCOMM)Wtsi>
EPD0175_3_D06_10182	1700052N19Rik	1700052N19Rik<tm1a(EUCOMM)Wtsi>
EPD0140_5_G02_10183	B4galnt3	B4galnt3<tm1a(EUCOMM)Wtsi>
HEPD0501_1_F05_10184	Mrpl10	Mrpl10<tm1a(EUCOMM)Hmgu>
HEPD0507_7_C03_10185	Fpgs	Fpgs<tm1a(EUCOMM)Hmgu>
CMHD-TM_N00016P0_T5D5_10186	Arap1	Arap1<tm1(NCOM)Cmhd>
Abcb4_Balb/cJ_10187	Abcb4	Abcb4<tm1Bor>
EPS8_10188	Eps8	Eps8<tm1Ppdf>
NCAM1_10189	Ncam1	Ncam1<tm1Cgn>
MAG_10190	Mag	Mag<tm1Mtg>
GMC-3_10191	Umod	Umod<urehr4>
GMC-4_10192	Myo6	Myo6<Tlc>
GMC-17_10193	Pias2	Pias2<Gt(pT1Betageo)1Ruiz>
GMC-29_10194	Slc12a1	Slc12a1<urehr3>
CMHD-TM_N00006P0_T6F5_10198	Mcm10	Mcm10<tm1(NCOM)Cmhd>
CMHD-TM_N00086P0_T24C7_10199	Dhx40	Dhx40<tm1(NCOM)Cmhd>
CMHD-TM_N00020P0_T5C11_10200	Tbc1d2	Tbc1d2<tm1(NCOM)Cmhd>
CMHD-TM_N00005P0_T11G1_10201	Zfp202 	Zfp202<tm1(NCOM)Cmhd>
CMHD-TM_N00343P0_T21F5_10204	MGI:1916221	1500001M20Rik<tm1(NCOM)Cmhd>
CMHD-TM_N01539P1_T51C7_10205	Senp6	Senp6<tm1(NCOM)Cmhd>
CMHD-TM_N00324P0_T20D4_10206	Senp3	Senp3<tm1(NCOM)Cmhd>
CMHD-TM_N00135P0_T22G9_10207	Otud7b	Otud7b<tm1(NCOM)Cmhd>
Nr1h4_10208	Nr1h4	Nr1h4
Aste1_10209	Aste1	Aste1
EPD0117_3_G11_10210	Gar1	Gar1<tm1a(EUCOMM)Wtsi>
EPD0173_1_C12_10211	H6pd	H6pd<tm1a(EUCOMM)Wtsi>
EPD0089_3_A10_10212	Mrps35 	Mrps35<tm1a(EUCOMM)Wtsi>
EPD0215_1_D09_10213	2310067B10Rik	2310067B10Rik<tm1a(EUCOMM)Wtsi>
Ncor2_10214	Ncor2	Ncor2
EPD0066_2_A08_10215	Ttll1	Ttll1<tm1a(EUCOMM)Wtsi>
HEPD0509_6_A04_10216	Cops4	Cops4<tm1a(EUCOMM)Hmgu>
HEPD0523_5_A03_10217	Xiap	Xiap<tm1a(EUCOMM)Hmgu>
Gbx1_10218	Gbx1	Gbx1
EPD0146_4_H09_10219	Fabp12	Fabp12<tm1a(EUCOMM)Wtsi>
EPD0017_3_E02_10220	Impad1	Impad1<tm1a(KOMP)Wtsi>
129/SvEv-Gnas<tm1Jop>/H_10221	Gnas	Gnas<tm1Jop>
EPD0089_2_G11_10224	Ruvbl1	Ruvbl1<tm1a(EUCOMM)Wtsi>
EPD0215_4_A11_10225	Drg2	Drg2<tm1a(EUCOMM)Wtsi>
EPD0226_6_B08_10226	Sox13	Sox13<tm1a(EUCOMM)Wtsi>
HEPD0522_1_A11_10227	Btk	Btk<tm1a(EUCOMM)Hmgu>
EPD0155_2_E05_10228	Ift122	Ift122<tm1a(EUCOMM)Wtsi>
EPD0090_5_B04_10229	Spns2	Spns2<tm1a(KOMP)Wtsi>
EPD0056_1_B09_10230	Trim45	Trim45<tm1a(KOMP)Wtsi>
EPD0025_2_A04_10231	Trpc4ap	Trpc4ap<tm1a(KOMP)Wtsi>
EPD0033_3_F04_10232	Kdm4c	Kdm4c<tm1a(KOMP)Wtsi>
EPD0242_4_B03_10233	Setmar	Setmar<tm1a(EUCOMM)Wtsi>
EPD0037_1_B03_10234	Fam134c	Fam134c<tm2a(EUCOMM)Wtsi>
EPD0127_5_E05_10235	Twf1	Twf1<tm1a(EUCOMM)Wtsi>
HEPD0510_6_G06_10236	Dpm2	Dpm2<tm1a(EUCOMM)Hmgu>
EPD0037_1_E07_10237	Tnfaip1	Tnfaip1<tm1a(EUCOMM)Wtsi>
HEPD0523_5_D11_10238	Mybpc3	Mybpc3<tm1a(EUCOMM)Hmgu>
EPD0069_3_A11_10240	Cul7	Cul7<tm1a(EUCOMM)Wtsi>
129S9/SvEvH-Nodal<tm1Rob>/H_10243	Nodal	Nodal<tm1Rob>
EPD0175_1_E10_10244	2810408A11Rik	2810408A11Rik<tm1a(EUCOMM)Wtsi>
129S9/SvEvH-Ablim1<tm1H>/H _10245	Ablim1	Ablim1
EPD0060_2_C05_10246	Fam83g	Fam83g<tm1a(EUCOMM)Wtsi>
129P2/OlaHsd-Tpcn1<Gt(XG716)Byg>/H_10247	Tpcn1	Tpcn1<Gt(XG716)Byg>
HEPD0525_1_C12 _10248	Capn5	Capn5<tm1a(EUCOMM)Hmgu>
EPD0059_1_A09_10249	Ccdc104	Ccdc104<tm1a(EUCOMM)Wtsi>
B6.Cg-cub/H_10250	cub	cub
129P2/OlaHsd-Tpcn2<Gt(YHD437)Byg>/H_10251	Tpcn2	Tpcn2<Gt(YHD437)Byg>
HEPD0507_5_B06_10252	Dnajc10	Dnajc10<tm1a(EUCOMM)Hmgu>
HEPD0522_3_C07_10253	Gm5134	Gm5134<tm1a(EUCOMM)Hmgu>
EPD0105_4_A10_10254	Ercc2	Ercc2<tm1a(EUCOMM)Wtsi>
EPD0183_3_C02_10255	Ggt1	Ggt1<tm1a(EUCOMM)Wtsi>
EPD0039_1_B01_10256	Snip1	Snip1<tm1a(EUCOMM)Wtsi>
EPD0037_3_G01_10257	Cyb561	Cyb561<tm1a(EUCOMM)Wtsi>
C3H.Cg-Mecom<Jbo>/H_10258	null	MGI:2158381
B6.129-Kcnj16<tm1Sjtu>/H_10259	Kcnj16	Kcnj16<tm1Sjtu>
HEPD0507_9_H02_10260	null	MGI:4436014
EPD0113_1_B01_10261	Med18	Med18<tm1a(EUCOMM)Wtsi>
EPD0227_5_D08_10262	Mpi	Mpi<tm1a(EUCOMM)Wtsi>
129S9/SvEvH-Nespas<tm3Jop>/H_10263	Nespas	Gnas/Nespas<tm2.1Jop> 
EPD0052_1_G06_10264	Orc5l	Orc5<tm1a(EUCOMM)Wtsi>
EPD0033_1_D06_10265	Osbpl9	Osbpl9<tm1a(KOMP)Wtsi>
B6.129-Ptch1<tm1Mps>/JH_10266	Ptch1	Ptch1<tm1Mps> 
B6NDen;129P2-HBP1<not yet available>/H_10267	null	
EPD0069_1_A07_10268	Nipsnap1	Nipsnap1<tm1a(EUCOMM)Wtsi>
EPD0052_2_C03_10269	Secisbp2	Secisbp2<tm1a(EUCOMM)Wtsi>
B6.Cg-Sfrp2<l153N>/H_10270	Sfrp2	Sfrp2<I153N>
129-Shh<tm1Chg>/H _10271	Shh	Shh<tm1Chg>
129-Smo<tm1Amc>/H_10272	Smo	Smo<tm1Amc>
EPD0059_2_C08 _10273	Snf8	Snf8<tm1a(EUCOMM)Hmgu>
EUCJ0012h08_10274	null	
C57BL/6J-Tg(Thy1-MAPT*P301S)2541Godt_10275	Tg(Thy1-MAPT*P301S)2541Godt 	Tg(Thy1-MAPT*P301S)2541Godt
HEPD0522_7_A09_10276	Tbc1d2b	Tbc1d2b<tm1a(EUCOMM)Hmgu>
C57BL/6J-Ucp1<m1H>/H_10277	Ucp1	Ucp1<m1H>
EPD0100_5_A01_10278	Uros	Uros<tm1a(EUCOMM)Wtsi>
EPD0230_3_A07_10279	Zfp704	Zfp704<tm1a(EUCOMM)Wtsi>
HEPD0520_1_F11_10280	Zfp715	Zfp715<tm1a(EUCOMM)Hmgu>
EPD0140_5_D09_10281	Grin2d	Grin2d<tm1a(EUCOMM)Wtsi>
C3H.C-Trpc3<Mwk>/H _10282	Trpc3	Trpc3<Mwk>
C3H.C-Mecom<Jbo>/H _10283	Mecom	Mecom<Jbo>
C3H.A-Vangl2<Lp>/H_10284	Vangl2	Vangl2<Lp>
B6.Cg-Tg(Thy1-MAPT*P301S)2541Godt/H_10285	Tg(Thy1-MAPT*P301S)2541Godt	Tg(Thy1-MAPT*P301S)2541Godt
HEPD0543_7_B10_10286	Rbfox3	Rbfox3<tm1a(EUCOMM)Hmgu>
EPD0155_6_A07_10287	Afmid	Afmid<tm1a(EUCOMM)Wtsi>
EPD0033_1_E01 _10288	Ddx27	Ddx27<tm1a(KOMP)Wtsi>
129-Nespas<tm1Jop>/H_10289	null	MGI:3621477
HEPD0539_9_C10_10292	Spryd3	Spryd3<tm1a(EUCOMM)Hmgu>
EPD0155_4_B07_10293	Cap2	Cap2<tm1a(EUCOMM)Wtsi>
EUC0027G03_10295	Arhgef18	Arhgef18<Gt(EUC0027g03)Hmgu>
HEPD0506_1_B11_10296	Gsk3a	Gsk3a<tm1a(EUCOMM)Hmgu>
EUC0050E03_10297	Aco2	Aco2<Gt(EUC0050e03)Hmgu>
Insl5_10299	Insl5	Insl5
HST009_10302	Slc12a1	Slc12a1<urehr3>
Sighted C3H_10304	Pde6b	Pde6b
Dll1<C413Y>_10305	Dll1	Dll1<m1Mhda>
Emp3_10306	Emp3	Emp3
HST012_10307	Umod	Umod<urehr4>
HEPD0522_7_H06_10308	Mmp11	Mmp11<tm1a(EUCOMM)Hmgu>
Abcb4_10310	Abcb4	Abcb4<tm1Bor>
ABE1_10311	Myo6	Myo6<Tlc>
EPD0037_1_B03_10316	Fam134c	Fam134c<tm2a(EUCOMM)Wtsi>
CMHD-TM_N01174P0_T28D11_10320	Angel1	Angel1<tm1(NCOM)Cmhd>
CMHD-TM_N00105P0_T28A8_10321	Itch	Itch<tm1(NCOM)Cmhd>
CMHD-TM_N01605P1_T53C4_10322	Zbtb45 	Zbtb45<tm1(NCOM)Cmhd>
EUC BL6-FP00042B07_10324	Setdb1	Setdb1<tm1a(EUCOMM)Wtsi>
DEA3_10325	Tmc1	Tmc1<Bth>
DKK3_10326	Dkk3	Dkk3<tm1Cni>
EUCJ0019C12_10329	Pml	Pml<Gt(EUCJ0019c12)Hmgu>
EPD060_1_B12_10330	Hgs	Hgs<tm1a(EUCOMM)Wtsi>
EPD0011_3_B08_10331	Mta3	Mta3<tm3a(KOMP)Wtsi>
Dll1_C3H_10333	Dll1	Dll1<tm1Gos>
Miz1_10334	Pias2	Pias2<Gt(pT1Betageo)1Ruiz>
NADH_10335	Aifm2	Aifm2
Ino80e tm1a KO_10336	Ino80e	Ino80e<tm1a(EUCOMM)Wtsi>
Asxl tm1a KO_10337	Asxl1	Asxl1<tm1a(EUCOMM)Wtsi>
Stx8tm3a KO_10338	Stx8	Stx8<tm2a(EUCOMM)Wtsi>
Cidec tm1a KO_10339	Cidec	Cidec<tm1a(EUCOMM)Wtsi>
Wrnip1tm1a KO_10340	Wrnip1	Wrnip1<tm1a(EUCOMM)Wtsi>
FoxP2 delta exon7_10341	Foxp2	Foxp2<tm2.1Woen>
HEPD0543_8_G03_10342	Hprt 	Hprt<tm1a(EUCOMM)Hmgu>
EPD0145_4_B09_10343	4930471M23Rik 	4930471M23Rik<tm1a(EUCOMM)Wtsi>
EUCJ0079D10_10344	Pknox1	Pknox1<Gt(EUCJ0079d10)Hmgu>
EPD0102_4_A04_10345	Hells	Hells<tm1a(EUCOMM)Wtsi>
EPD0164_4_E12_10346	Setdb2	Setdb2<tm1a(KOMP)Wtsi>
Dmbt1_10348	Dmbt1	Dmbt1<tm1Janm>
DLG3_10349	Gnl3	Gnl3<Gt(W062C05)Wrst>
EPD0100_5_F06_10352	Nfxl1	Nfxl1<tm1a(EUCOMM)Wtsi>
HEPD0507_8_G08_10354	Cacnb4	Cacnb4<tm1a(EUCOMM)Hmgu>
EPD0173_1_F02_10355	Mib2	Mib2<tm1a(EUCOMM)Wtsi>
HEPD0551_3_C11_10356	Dock10	Dock10<tm1a(EUCOMM)Hmgu>
HEPD0534_7_E02_10357	E430025E21Rik	E430025E21Rik<tm1a(EUCOMM)Hmgu>
Cin85_10358	Sh3kbp1	Sh3kbp1<tm1Ivdi>
HEPD0516_3_C04_10359	E330016A19Rik	E330016A19Rik<tm1a(EUCOMM)Hmgu>
HEPD0546_1_F06_10360	Dnajc17	Dnajc17<tm1a(EUCOMM)Hmgu>
EPD0158_3_A11_10361	Jmjd6	Jmjd6<tm1a(EUCOMM)Wtsi>
HEPD0538_1_D11_10362	Trnt1	Trnt1<tm1a(EUCOMM)Hmgu>
EPD0131_2_B09_10363	Rc3h2	Rc3h2<tm1a(KOMP)Wtsi>
HEPD0528_6_A02_10364	Rnase10	Rnase10<tm1a(EUCOMM)Hmgu>
HEPD0529_7_C09_10365	Pacs2	Pacs2<tm1a(EUCOMM)Hmgu>
EPD0176_5_A09_10366	Mrpl54	Mrpl54<tm1a(EUCOMM)Wtsi>
HEPD0550_3_B11_10367	Bloc1s1	Bloc1s1<tm1a(EUCOMM)Hmgu>
HEPD0547_1_C09_10368	Ascc3	Ascc3<tm1a(EUCOMM)Hmgu>
HEPD0540_3_F06_10369	Fgl1	Fgl1<tm1a(EUCOMM)Hmgu>
EPD0102_1_B10_10370	Ddx52	Ddx52<tm1a(EUCOMM)Wtsi>
EPD0087_3_G06_10371	Orc4l	Orc4<tm1a(EUCOMM)Wtsi>
HEPD0528_4_A08_10372	Zfp13	Zfp13<tm1a(EUCOMM)Hmgu>
EPD0146_4_A06_10373	Fam86	Fam86<tm1a(EUCOMM)Wtsi>
EPD0155_3_D10_10374	Fam110b	Fam110b<tm1a(EUCOMM)Wtsi>
HEPD0539_1_A05_10375	Pla2g10	Pla2g10<tm1a(EUCOMM)Hmgu>
EPD0116_1_C09_10376	Eif2b5	Eif2b5<tm1a(EUCOMM)Wtsi>
HEPD0509_7_C01_10377	Col5a1	Col5a1<tm1a(EUCOMM)Hmgu>
EPD0227_7_D02_10378	Slc25a38	Slc25a38<tm1a(EUCOMM)Wtsi>
HEPD0505_2_B06_10379	Bag1	Bag1<tm1a(EUCOMM)Hmgu>
EPD0100_4_A06_10380	Elk4	Elk4<tm1a(EUCOMM)Wtsi>
EPD0113_4_B07_10381	Flot2	Flot2<tm2a(EUCOMM)Wtsi>
EPD0243_4_E03_10382	Lhx1	Lhx1<tm1a(EUCOMM)Wtsi>
EPD0114_3_B05_10383	Itgb5	Itgb5<tm1a(EUCOMM)Wtsi>
HEPD0516_2_B11_10384	Arcn1	Arcn1<tm1a(EUCOMM)Hmgu>
EPD0117_4_C03_10385	Pgd	Pgd<tm1a(EUCOMM)Wtsi>
Tbp2_10386	MGI:2684058	Tbp2
Bin1_mut1_10387	Bin1	Bin1_mut1
Bin1_mut2_10388	Bin1	Bin1_mut2
STARD3NL_10389	Stard3nl	STARD3NL
HEPD0529_1_B03_10390	Nfasc	Nfasc<tm1a(EUCOMM)Hmgu>
Stard3_10391	Stard3	Stard3
HEPD0530_7_A11_10392	Stk30	Stk30<tm1a(EUCOMM)Hmgu>
HEPD0520_6_B03_10393	Hsf2bp	Hsf2bp<tm1a(EUCOMM)Hmgu>
EPD0192_1_D02_10394	8430419L09Rik	8430419L09Rik<tm1a(EUCOMM)Wtsi>
EPD0037_1_B03_10395	Fam134c	Fam134c<tm2a(EUCOMM)Wtsi>
HEPD0523_5_D11_10396	Mybpc3	Mybpc3<tm1a(EUCOMM)Hmgu>
HEPD0522_7_A09_10397	Tbc1d2b	Tbc1d2b<tm1a(EUCOMM)Hmgu>
EPD0069_2_E02_10398	Pa2g4	Pa2g4<tm1a(EUCOMM)Wtsi>
EPD0065_4_D03_10399	Bre	Bre<tm1a(EUCOMM)Wtsi>
EPD0039_1_B01_10400	Snip1	Snip1<tm1a(EUCOMM)Wtsi>
EPD0037_1_E07_10401	Tnfaip1	Tnfaip1<tm1a(EUCOMM)Wtsi>
EPD0100_4_A06_10402	Elk4	Elk4<tm1a(EUCOMM)Wtsi>
EPD0052_3_D02_10403	Fam117b	Fam117b<tm1a(EUCOMM)Wtsi>
EPD0057_2_C02_10404	Ttll4	Ttll4<tm1a(EUCOMM)Wtsi>
129-Shh<tm1Chg>/H _10405	Shh	Shh<tm1Chg>
129S9/SvEvH-Nodal<tm1Rob>/H_10406	Nodal	Nodal<tm1Rob>
129S9/SvEvH-Ablim1<tm1H>/H _10407	Ablim1	Ablim1
129S9/SvEvH-Nespas<tm3Jop>/H_10408	Nespas	Nespas
129-Smo<tm1Amc>/H_10409	Smo	Smo<tm1Amc>
129/SvEv-Gnas<tm1Jop>/H _10410	Gnas	Gnas<tm1Jop>
129P2/OlaHsd-Fbxl3<Gt(CB0226)Wtsi>/H_10411	Fbx13	Fbx13
129P2/OlaHsd-Tpcn2<Gt(YHD437)Byg>/H_10412	Tpcn2	Tpcn2<Gt(YHD437)Byg>
129P2/OlaHsd-Tpcn1<Gt(XG716)Byg>/H_10413	Tpcn1	Tpcn1
129P2/OlaHsd-Map3k1<Gt(YTC001)Byg>/H_10414	Map3k1	Map3k1
129-Nespas<tm1Jop>/H_10415	Nespas	Nespas<tm1Jop>
B6.129-Kcnj16<tm1Sjtu>/H_10416	Kcnj16	Kcnj16
B6.129P2-Mro<tm1H>/H_10417	Mro	Mro<tm1H>
B6.Cg-Sfrp5<Q27stop>/H_10418	Sfrp5	Sfrp5<Q27stop>
B6.Cg-Tg(Thy1-MAPT*P301S)2541Godt/H_10419	Tg(Thy1-MAPT*P301S)2541Godt	MGI:3778191
C57BL/6J-Ucp1<m1H>/H_10420	Ucp1	Ucp1<m1H>
B6.Cg-Sfrp2<C50F>/H_10421	Sfrp2	Sfrp2<C50F>
FLOTILLIN1_NOT_OSN_10422	Flot1	NULL
B6.Cg-Sfrp2<I153N>/H_10423	Sfrp2	Sfrp2<I153N>
B6.129-Sfrp2<tm1Aksh>_10424	Sfrp2	Sfrp2<tm1Aksh>
B6.129-Sfrp1<tm1Aksh>_10425	Sfrp1	Sfrp1<tm1Aksh>
B6.129-Ptch1<tm1Mps>/JH_10426	Ptch1	Ptch1<tm1Mps>
March 7 targeted gene trap Cross 1_10427	March7	March7
B6.Cg-cub/H_10428	cub	cub
B6.129P2-Vnn1<tm1Pna>/H_10429	MGI:108395	Vnn1<tm1Pna>
EPD0069_3_A11_10430	Cul7	Cul7<tm1a(EUCOMM)Wtsi>
EPD0105_4_A10_10431	Ercc2	Ercc2<tm1a(EUCOMM)Wtsi>
EPD0052_2_C03_10432	Secisbp2	Secisbp2<tm1a(EUCOMM)Wtsi>
EPD0023_1_F07_10433	Slc38a10	Slc38a10<tm2a(EUCOMM)Wtsi>
EPD0230_3_A07_10434	Zfp704	Zfp704<tm1a(EUCOMM)Wtsi>
HEPD0522_3_C07_10435	Gm5134	Gm5134<tm1a(EUCOMM)Hmgu>
EPD0227_5_D08_10436	Mpi	Mpi<tm1a(EUCOMM)Wtsi>
EPD0100_5_A01_10437	Uros	Uros<tm1a(EUCOMM)Wtsi>
MARCH9-KO_NOT_OSN_10438	March9	March9<tm1a(EUCOMM)Wtsi>
HEPD0525_1_C12 _10439	Capn5	Capn5<tm1a(EUCOMM)Hmgu>
EPD0033_1_E01 _10440	Ddx27	Ddx27<tm1a(KOMP)Wtsi>
HEPD0513_3_B04_10441	Parl	Parl<tm1a(EUCOMM)Hmgu>
EPD0059_2_C08 _10442	Snf8	Snf8<tm1a(EUCOMM)Wtsi>
HEPD0520_1_F11_10443	Zfp715	Zfp715<tm1a(EUCOMM)Hmgu>
C.Cg-Celsr1<Crsh>/H _10444	Celsr1	Celsr1<Crsh>
C.Cg-Ostes/H_10445	ostes	ostes
C3H.Cg-Ptk7<chz>/H_10446	Ptk7	Ptk7<chz>
C3H.B6-Tulp3<hhkr>/H _10447	Tulp3	Tulp3<hhkr>
C3H.Cg-Celsr1<Scy>/H_10448	Celsr1	Celsr1<Scy>
C3H.C-Mecom<Jbo>/H _10449	Mecom	Mecom<Jbo>
C3H.A-Vangl2<Lp>/H_10450	Vangl2	Vangl2<Lp>
HEPD0556_7_B06_10451	Bag3	Bag3<tm1a(EUCOMM)Hmgu>
HEPD0551_2_A04_10452	BC055324	BC055324<tm1a(EUCOMM)Hmgu>
HEPD0550_3_D01_10453	Dnajc19	Dnajc19<tm1a(EUCOMM)Hmgu>
HEPD0516_3_C09_10454	Mcf2l	Mcf2l<tm1a(EUCOMM)Hmgu>
EPD0087_5_C08_10455	Parvb	Parvb<tm1a(EUCOMM)Wtsi>
HEPD0550_4_A06_10456	Tmem167	Tmem167<tm1a(EUCOMM)Hmgu>
C3H.Cg-Fbxo11<Jf>/H_10457	Fbxo11	Fbxo11<Jf>
C3H.C-Trpc3<Mwk>/H _10458	Trpc3	Trpc3<Mwk>
EPD0060_2_C05_10459	Fam83g	Fam83g<tm1a(EUCOMM)Wtsi>
EPD0060_2_A11_10460	Smpdl3b	Smpdl3b<tm1a(EUCOMM)Wtsi>
EPD0057_2_C04_10461	Rnf7	Rnf7<tm1a(EUCOMM)Wtsi>
HEPD0534_4_G05_10462	Npc1	Npc1<tm1a(EUCOMM)Hmgu>
EPD0113_1_B01_10463	Med18	Med18<tm1a(EUCOMM)Wtsi>
EPD0019_1_A05_10464	Mysm1	Mysm1<tm1a(KOMP)Wtsi>
MARCH9-KO_NOT_OSN_10465	March9	MGI:4452800
HEPD0523_5_D11_10466	Mybpc3	Mybpc3<tm1a(EUCOMM)Hmgu>
HEPD0522_7_A09_10467	Tbc1d2b	Tbc1d2b<tm1a(EUCOMM)Hmgu>
EPD0069_2_E02_10468	Pa2g4	Pa2g4<tm1a(EUCOMM)Wtsi>
EPD0065_4_D03_10469	Bre	Bre<tm1a(EUCOMM)Wtsi>
EPD0039_1_B01_10470	Snip1	Snip1<tm1a(EUCOMM)Wtsi>
EPD0037_1_E07_10471	Tnfaip1	Tnfaip1<tm1a(EUCOMM)Wtsi>
EPD0100_4_A06_10472	Elk4	Elk4<tm1a(EUCOMM)Wtsi>
EPD0052_3_D02_10473	Fam117b	Fam117b<tm1a(EUCOMM)Wtsi>
EPD0057_2_C02_10474	Ttll4	Ttll4<tm1a(EUCOMM)Wtsi>
129-Nespas<tm1Jop>/H_10475	Nespas	Nespas<tm1Jop>
B6.Cg-Sfrp2<I153N>/H_10476	Sfrp2	Sfrp2<I153N>
B6.129-Sfrp2<tm1Aksh>_10477	Sfrp2	Sfrp2<tm1Aksh>
B6.129-Sfrp1<tm1Aksh>_10478	Sfrp1	Sfrp1<tm1Aksh>
129P2/OlaHsd-Fbxl3<Gt(CB0226)Wtsi>/H_10479	Fbx13	Fbxl3<Gt(CB0226)Wtsi>
EPD0069_3_A11_10480	Cul7	Cul7<tm1a(EUCOMM)Wtsi>
EPD0023_1_F07_10481	Slc38a10	Slc38a10<tm2a(EUCOMM)Wtsi>
B6.129P2-Mro<tm1H>/H_10482	Mro	Mro<tm1H>
March 7 targeted gene trap Cross 1_10483	March7	March7
MARCH9-KO_NOT_OSN_10484	March9	March9<tm1a(EUCOMM)Wtsi>
C3H.B6-Tulp3<hhkr>/H _10485	Tulp3	Tulp3<hhkr>
EPD0060_2_C05_10486	Fam83g	Fam83g<tm1a(EUCOMM)Wtsi>
EPD0060_2_A11_10487	Smpdl3b	Smpdl3b<tm1a(EUCOMM)Wtsi>
EPD0057_2_C04_10488	Rnf7	Rnf7<tm1a(EUCOMM)Wtsi>
EPD0105_4_A10_10489	Ercc2	Ercc2<tm1a(EUCOMM)Wtsi>
EPD0052_2_C03_10490	Secisbp2	Secisbp2<tm1a(EUCOMM)Wtsi>
EPD0230_3_A07_10491	Zfp704	Zfp704<tm1a(EUCOMM)Wtsi>
HEPD0556_7_B06_10492	Bag3	Bag3<tm1a(EUCOMM)Hmgu>
HEPD0551_2_A04_10493	BC055324	BC055324<tm1a(EUCOMM)Hmgu>
EPD0019_1_A05_10494	Mysm1	Mysm1<tm1a(KOMP)Wtsi>
HEPD0516_3_C09_10495	Mcf2l	Mcf2l<tm1a(EUCOMM)Hmgu>
HEPD0534_4_G05_10496	Npc1	Npc1<tm1a(EUCOMM)Hmgu>
HEPD0513_3_B04_10497	Parl	Parl<tm1a(EUCOMM)Hmgu>
HEPD0550_4_A06_10498	Tmem167	Tmem167<tm1a(EUCOMM)Hmgu>
HEPD0550_3_D01_10499	Dnajc19	Dnajc19<tm1a(EUCOMM)Hmgu>
EPD0087_5_C08_10500	Parvb	Parvb<tm1a(EUCOMM)Wtsi>
Nox4_10501	Nox4	Nox4<tm1.1Hwsc>
EUC0047A08_10502	Golm1	Golm1<Gt(EUC0047a08)Hmgu>
HEPD0510_8_G06_10503	Trib3	Trib3<tm1a(EUCOMM)Hmgu>
HEPD0534_4_B11_10504	Dpp9	Dpp9<tm1a(EUCOMM)Hmgu>
HEPD0528_5_B12_10505	Rbm4	Rbm4<tm1a(EUCOMM)Hmgu>
HEPD0546_2_F03_10506	Mosc2	Mosc2<tm2a(EUCOMM)Hmgu>
EPD0142_1_A09_10507	Fkbp10	Fkbp10<tm1a(EUCOMM)Wtsi>
HEPD0518_7_E08_10508	Vat1l	Vat1l<tm1a(EUCOMM)Hmgu>
HEPD0530_4_B02_10509	Mtrf1	Mtrf1<tm1a(EUCOMM)Hmgu>
EPD0197_3_D09_10510	Otop3	Otop3<tm1a(EUCOMM)Wtsi>
EPD0243_5_D11_10511	Rxfp2	Rxfp2<tm1a(EUCOMM)Wtsi>
EPD0045_1_B11_10512	Nxn	Nxn<tm1a(EUCOMM)Wtsi>
Vwde_10513	Vwde	Vwde<tm1Icmb>
EPD0033_3_F04_10514	Kdm4c	Kdm4c<tm1a(KOMP)Wtsi>
EPD0065_2_E04_10515	Clk1	Clk1<tm1a(EUCOMM)Wtsi>
EPD0116_2_A05_10516	Optn	Optn<tm1a(EUCOMM)Wtsi>
EPD0156_1_B01_10517	Entpd1	Entpd1<tm1a(EUCOMM)Wtsi>
EPD0144_4_G05_10518	Mapre3	Mapre3<tm1a(EUCOMM)Wtsi>
EPD0100_4_A06_10519	Elk4	Elk4<tm1a(EUCOMM)Wtsi>
HEPD0568_5_D01_10520	Zfp760	Zfp760<tm1a(EUCOMM)Hmgu>
EPD0242_4_B03_10521	Setmar	Setmar<tm1a(EUCOMM)Wtsi>
HEPD0550_6_G09_10522	Ndfip2	Ndfip2<tm1a(EUCOMM)Hmgu>
EPD0065_5_A04_10523	Jmjd5	Jmjd5<tm1a(EUCOMM)Wtsi>
EPD0369_6_A06_10524	P2rx7	P2rx7<tm1a(EUCOMM)Wtsi>
Gpt2_10525	Gpt2	Gpt2
HEPD0525_3_B05_10526	2900026A02Rik	2900026A02Rik<tm1a(EUCOMM)Hmgu>
Phex_10527	Phex	Phex<not yet available>
Hhip_10528	Hhip	Hhip<tm1Icmb>
EPD0018_2_G10_10529	Epc2	Epc2<tm1a(EUCOMM)Wtsi>
EUCE0233_A03_10530	Rab18	Rab18
EPD0127_5_F02_10531	Nup88	Nup88<tm1a(EUCOMM)Wtsi>
HEPD0543_7_B10_10532	Rbfox3	Rbfox3<tm1a(EUCOMM)Hmgu>
EPD0037_3_G01_10533	Cyb561	Cyb561<tm1a(EUCOMM)Wtsi>
EPD0140_5_D09_10534	Grin2d	Grin2d<tm1a(EUCOMM)Wtsi>
HEPD0510_3_C07_10535	Bmp7	Bmp7<tm1a(EUCOMM)Hmgu>
HEPD0554_4_C09_10536	Epb4.1l5	Epb4.1l5<tm1a(EUCOMM)Hmgu>
B6129S8-Tc(Hsa21)1TybEmcf/H_10537	MGI:3814702	Tc(Hsa21)1TybEmcf
EPD0089_4_F11_10538	Aldh2	Aldh2<tm1a(EUCOMM)Wtsi>
EPD0214_1_A08_10539	Fgf11	Fgf11<tm1a(EUCOMM)Wtsi>
PJA1_10540	Pja1	PJA1
EPD0211_4_B08_10541	Mtmr14	Mtmr14<tm1a(KOMP)Wtsi>
Dnm2_10542	Dnm2 	Dnm2
Tmem45b_10543	Tmem45b 	Tmem45b<tm1.1Hsue>
Kcnip4_10544	Kcnip4	Kcnip4<not yet available>
Usp6nl_10545	Usp6nl	Usp6nl<tm1Ppdf>
ALI14_10546	Plcg2	Plcg2<Ali14>
C1orf37_10547	Tmem183a 	Tg(TMEM183B)1Pbo
EPD0215_1_F05_10548	Fads6	Fads6<tm1a(EUCOMM)Wtsi>
EPD0057_2_C02_10549	Ttll4	Ttll4<tm1a(EUCOMM)Wtsi>
EPD0021_2_D11_10550	2310030N02Rik	2310030N02Rik<tm1a(EUCOMM)Wtsi>
MARCH9_10551	null	MGI:4452800
VMP1_10552	Tmem49	Vmp1<not yet available>
EPD0023_1_F07_10553	Slc38a10	Slc38a10<tm2a(EUCOMM)Wtsi>
EPD0037_1_E07_10554	Tnfaip1	Tnfaip1<tm1a(EUCOMM)Wtsi>
HEPD0509_8_C03_10555	Ndufa8	Ndufa8<tm1a(EUCOMM)Hmgu>
EPD0057_1_H01_10556	Fam63a	Fam63a<tm1a(EUCOMM)Wtsi>
EPD0038_2_B10_10557	Xbp1	Xbp1<tm1a(EUCOMM)Wtsi>
EPD0103_3_A11_10558	Prdx6	Prdx6<tm1a(EUCOMM)Wtsi>
EPD0058_5_D03_10559	Ttll3	Ttll3<tm1a(EUCOMM)Wtsi>
EPD0013_1_G11_10560	Sirt2	Sirt2<tm1a(EUCOMM)Wtsi>
EPD0103_2_C01_10561	Abcd1	Abcd1<tm1a(EUCOMM)Wtsi>
EPD0135_1_A05_10562	Arhgef4	Arhgef4<tm1a(KOMP)Wtsi>
EPD0102_2_E07_10563	Sgol2	Sgol2<tm1a(EUCOMM)Wtsi>
EPD0169_3_B05_10564	Nkiras2	Nkiras2<tm1a(EUCOMM)Wtsi>
EPD0383_3_E02_10565	Ripply3	Ripply3<tm1a(EUCOMM)Wtsi>
EPD0364_4_B03_10566	Ptges2	Ptges2<tm1a(EUCOMM)Wtsi>
EPD0418_1_B05_10567	Rab7l1	Rab7l1<tm1a(EUCOMM)Wtsi>
Aldh2Aldh2<tm1a(EUCOMM)Wtsi/Hmgu>_10568	Aldh2	Aldh2<tm1a(EUCOMM)Wtsi>
EPD0409_2_A01_10569	Synj2	Synj2<tm1a(EUCOMM)Wtsi>
Elk4Elk4<tm1a(EUCOMM)Wtsi/H>_10570	Elk4	Elk4<tm1a(EUCOMM)Wtsi>
HEPD0537_2_B03_10571	Pex16	Pex16<tm1a(EUCOMM)Hmgu>
HEPD0547_3_D11_10572	Mat2a	Mat2a<tm1a(EUCOMM)Hmgu>
EPD0227_3_A12_10573	Tmc8	Tmc8<tm1a(EUCOMM)Wtsi>
EPD0019_1_A05_10574	Mysm1	Mysm1<tm1a(KOMP)Wtsi>
HEPD0507_7_B05_10575	Abcb11	Abcb11<tm1a(EUCOMM)Hmgu>
HEPD0547_4_B11_10576	Hcn4	Hcn4<tm1a(EUCOMM)Hmgu>
EPD0227_3_B02_10577	Dpy19l3	Dpy19l3<tm1a(EUCOMM)Wtsi>
EPD0089_4_F11_10578	Aldh2	Aldh2<tm1a(EUCOMM)Wtsi>
EPD0242_4_B03_10579	Setmar	Setmar<tm1a(EUCOMM)Wtsi>
EUCJ004_F10_10580	Nfya	Nfya
EPD0135_1_A05_10581	Arhgef4	Arhgef4<tm1a(KOMP)Wtsi>
HEPD0535_6_B06_10582	Sytl1	Sytl1<tm1a(KOMP)Wtsi>
EPD0288_3_A08_10583	Afm	Afm<tm1a(KOMP)Wtsi>
HEPD0546_1_F01_10584	Rc3h1	Rc3h1<tm1a(EUCOMM)Hmgu>
HEPD0539_2_G05_10585	Gsta3	Gsta3<tm1a(EUCOMM)Hmgu>
HEPD0527_2_D03_10586	Pla2g4f	Pla2g4f<tm1a(EUCOMM)Hmgu>
EPD0227_1_A03_10587	Spns1	Spns1<tm1a(EUCOMM)Wtsi>
HEPD0537_5_G04_10588	Slc1a7	Slc1a7<tm1a(EUCOMM)Hmgu>
Fam63aFam63a<tm1a(EUCOMM)Wtsi/Ics>_10589	Fam63a	Fam63a<tm1a(EUCOMM)Wtsi>
Tnfaip1Tnfaip1<tm1a(EUCOMM)Wtsi/H>_10590	Tnfaip1	Tnfaip1<tm1a(EUCOMM)Wtsi>
Rere_10591	Rere	Rere
Strap_10592	Strap	Strap
HEPD0535_1_C03_10593	Patl2	Patl2<tm1a(EUCOMM)Hmgu>
EPD0023_1_F07_10594	Slc38a10	Slc38a10<tm2a(EUCOMM)Wtsi>
EPD0037_1_E07_10595	Tnfaip1	Tnfaip1<tm1a(EUCOMM)Wtsi>
HEPD0527_5_A04_10596	Heatr3	Heatr3<tm1a(EUCOMM)Hmgu> 
HEPD0527_4_D08_10597	Fkbp9	Fkbp9<tm1a(EUCOMM)Hmgu>
Net_10598	MGI:101762	Elk3 
Ttll12_10599	Ttll12	Ttll12
C.Cg-Bfc/H_10600	Ctnnb1	Ctnnb1<Bfc>
EPD0052_1_G06_10601	Orc5	Orc5<tm1a(EUCOMM)Wtsi>
EPD0069_1_A07_10602	Nipsnap1	Nipsnap1<tm1a(EUCOMM)Wtsi>
HEPD0553_3_C09_10603	D430041D05Rik	D430041D05Rik<tm1a(EUCOMM)Hmgu>
HEPD0553_2_C10_10604	Rpe65	Rpe65<tm1a(EUCOMM)Hmgu>
HEPD0555_3_A09_10605	Rprd1b	Rprd1b<tm1a(EUCOMM)Hmgu>
EPD0215_5_D11_10606	Emid1	Emid1<tm1a(EUCOMM)Wtsi>
EPD0348_1_C03_10607	Smoc1	Smoc1<tm1a(EUCOMM)Wtsi>
EPD0256_5_F08_10608	Sirt6	Sirt6<tm1a(EUCOMM)Wtsi>
HEPD0549_5_C09_10609	Wtap	Wtap<tm1a(EUCOMM)Hmgu>
HEPD0569_3_A04_10610	2310022B05Rik	2310022B05Rik<tm1a(EUCOMM)Hmgu>
EPD0370_3_G08_10611	Kcnj12	Kcnj12<tm1a(EUCOMM)Wtsi>
HEPD0531_2_C10_10612	Xylb	Xylb<tm1a(EUCOMM)Hmgu>
EPD0013_1_G11_10613	Sirt2	Sirt2<tm1a(EUCOMM)Wtsi>
HEPD0530_5_A06_10614	Abcd4	Abcd4<tm1a(EUCOMM)Hmgu>
EPD0177_5_F06_10615	Ccnyl1	Ccnyl1<tm1a(EUCOMM)Wtsi>
EPD0156_3_A04_10616	Gna11	Gna11<tm1a(EUCOMM)Wtsi>
HEPD0553_1_A01_10617	Per2	Per2<tm1a(EUCOMM)Hmgu>
HEPD0549_6_D02_10618	C030046E11Rik	C030046E11Rik<tm1a(EUCOMM)Hmgu>
HEPD0569_7_A08_10619	Serf1	Serf1<tm1a(EUCOMM)Hmgu>
HEPD0554_1_B05_10620	Cd28	Cd28<tm1a(EUCOMM)Hmgu>
HEPD0553_2_C04_10621	Dnase2b	Dnase2b<tm1a(EUCOMM)Hmgu>
EPD0069_1_G06_10622	Brpf1	Brpf1<tm1a(EUCOMM)Wtsi>
HEPD0523_4_G08_10623	Klhdc2	Klhdc2<tm1a(EUCOMM)Hmgu>
EPD0327_5_A04_10624	Acsbg2	Acsbg2<tm1a(EUCOMM)Wtsi>
EPD0037_2_G04_10625	Wbp2	Wbp2<tm2a(EUCOMM)Wtsi>
EPD0326_5_C03_10626	Atp8a1	Atp8a1<tm1a(EUCOMM)Wtsi>
EPD0326_6_C07_10627	Chrna9	Chrna9<tm2a(EUCOMM)Wtsi>
HEPD0633_2_F04 _10628	Prss50	Prss50<tm1a(EUCOMM)Hmgu>
Gsk3a_10629	Gsk3a	Gsk3a<not yet available>
EPD0057_2_C02_10630	Ttll4	Ttll4<tm1a(EUCOMM)Wtsi>
EPD0135_1_A05_10631	Arhgef4	Arhgef4<tm1a(KOMP)Wtsi>
EPD0037_1_B03_10632	Fam134c	Fam134c<tm2a(EUCOMM)Wtsi>
HEPD0508_4_G09_10633	Acap3	Acap3<tm1a(EUCOMM)Hmgu>
HEPD0547_3_H08_10634	Tmod3	Tmod3<tm1a(EUCOMM)Hmgu>
HEPD0538_5_H11_10635	Cd9	Cd9<tm1a(EUCOMM)Hmgu>
Myo7aMyo7a<sh1-6J>_10636	null	Myo7a<sh1-6J>
WhrnWhrn<wi>_10637	null	Whrn<wi>
Git2Git2<Gt(XG510)Byg>_10638	null	Git2<Gt(XG510)Byg>
EPD0038_3_D10_10639	null	
EPD0037_1_F05_10640	null	
EPD0038_2_A04_10641	null	
EPD0028_4_H02_10642	null	
EPD0058_1_A04_10643	null	
EPD0038_2_E01_10644	null	
EPD0039_1_C08_10645	null	
EPD0037_3_D11_10646	null	
EPD0028_1_D08_10647	null	
EPD0058_1_D07_10648	null	
EPD0037_3_G01_10649	null	
EPD0052_2_C05_10650	null	
Atp2b2Atp2b2<Obv>_10651	null	Atp2b2<Obv>
EPD0033_3_D07_10652	null	
Chd7Chd7<Whi>_10653	null	Chd7<Whi>
EPD0028_3_A04_10654	null	
EPD0032_2_H06_10655	null	
EPD0070_4_A04_10656	null	
EPD0058_3_B01_10657	null	
EPD0046_2_F02_10658	null	
EPD0043_2_H10_10659	null	
EPD0059_2_C08_10660	null	
EPD0042_1_G09_10661	null	
EPD0069_4_H07_10662	null	
EPD0070_5_D05_10663	null	
EPD0070_3_B02_10664	null	
EPD0046_1_C10_10665	null	
EPD0070_1_G07_10666	null	
EPD0026_4_C08_10667	null	
EPD0021_4_A12_10668	null	
EPD0065_1_F10_10669	null	
Grxcr1Grxcr1<tde>_10670	null	Grxcr1<tde>
EPD0069_3_E07_10671	null	
EPD0058_3_G07_10672	null	
EPD0070_2_G01_10673	null	
EPD0070_4_E10_10674	null	
EPD0029_1_G04_10675	null	
EPD0085_6_H06_10676	null	
EPD0081_5_C11_10677	null	
EPD0042_1_A01_10678	null	
EPD0081_4_A11_10679	null	
EPD0025_2_F01_10680	null	
EPD0026_1_C12_10681	null	
EPD0064_1_G02_10682	null	
EPD0031_1_H07_10683	null	
EPD0081_6_C05_10684	null	
EPD0080_1_D08_10685	null	
EPD0064_2_A02_10686	null	
EPD0082_2_G11_10687	null	
EPD0041_1_F06_10688	null	Ccdc137<tm1a(KOMP)Wtsi>
EPD0046_2_A08_10689	null	
EPD0033_5_D02_10690	null	
EPD0044_5_B04_10691	null	
EPD0029_4_F01_10692	null	
EPD0085_6_H01_10693	null	
EPD0085_1_D04_10694	null	
EPD0081_6_E02_10695	null	
EPD0083_2_E03_10696	null	
EPD0079_5_E10_10697	null	
EPD0066_2_D10_10698	null	
EPD0080_2_A02_10699	null	
EPD0029_4_E08_10700	null	
EPD0025_4_H04_10701	null	
EPD0079_4_E02_10702	null	
EPD0026_5_G02_10703	null	
Dlg4Dlg4<tm1Grnt>_10704	null	Dlg4<tm1Grnt>
EPD0025_6_A10_10705	null	
EPD0048_1_E02_10706	null	
EPD0025_3_C05_10707	null	
EPD0026_3_E12_10708	null	
EPD0064_2_C12_10709	null	
EPD0033_5_A07_10710	null	
EPD0064_2_D04_10711	null	
EPD0031_1_G01_10712	null	
EPD0064_1_A10_10713	null	
EPD0082_5_A09_10714	null	
EPD0105_5_A09_10715	null	
EPD0084_1_B08_10716	null	
EPD0099_2_E04_10717	null	
EPD0080_1_D11_10718	null	
EPD0097_1_C09_10719	null	
EPD0071_3_H09_10720	null	
EPD0097_2_E01_10721	null	
EPD0113_2_D12_10722	null	
EPD0085_2_F07_10723	null	
EPD0101_4_F09_10724	null	
EPD0109_3_E07_10725	null	
EPD0130_2_B02_10726	null	
Ren1Ren1<Ren-1c Enhancer KO>_10727	null	Ren1<Ren-1c Enhancer KO>
EPD0097_3_B06_10728	null	
EPD0099_3_G04_10729	null	
EPD0126_4_F03_10730	null	
EPD0058_4_E06_10731	null	
EPD0099_5_G10_10732	null	
EPD0126_4_E06_10733	null	
EPD0096_1_A05_10734	null	
EPD0028_7_G05_10735	null	
EPD0099_4_D09_10736	null	
EPD0127_1_A03_10737	null	
EPD0085_1_C10_10738	null	
EPD0096_3_B08_10739	null	
EPD0130_1_D07_10740	null	
EPD0114_2_F08_10741	null	
EPD0090_4_A04_10742	null	
EPD0094_4_B01_10743	null	
EPD0068_1_H05_10744	null	
EPD0097_1_D01_10745	null	
#4_10746	null	ROSA26<Fki>
EPD0071_1_D03_10747	null	
EPD0034_4_C03_10748	null	
EPD0160_3_C06_10749	null	
EPD0183_4_A09_10750	null	
EPD0099_4_B07_10751	null	
EPD0155_1_E11_10752	null	
EPD0051_1_H11_10753	null	
EPD0157_6_C08_10754	null	
EPD0156_5_B09_10755	null	
EPD0064_2_H09_10756	null	
EPD0116_2_E10_10757	null	
EPD0133_4_C12_10758	null	
EPD0183_4_C10_10759	null	
EPD0140_1_C09_10760	null	
EPD0106_3_D09_10761	null	
EPD0051_3_E05_10762	null	
EPD0107_4_E05_10763	null	
EPD0158_4_B04_10764	null	
EPD0114_1_D05_10765	null	
EPD0142_2_E04_10766	null	
EPD0059_1_A09_10767	null	
EPD0116_2_B07_10768	null	
EPD0046_3_B02_10769	null	
EPD0033_4_C09_10770	null	
EPD0143_4_A08_10771	null	
EPD0157_6_B09_10772	null	
EPD0070_4_F09_10773	null	
EPD0091_1_B04_10774	null	
EPD0075_1_B10_10775	null	
EPD0157_2_G07_10776	null	
EPD0037_2_D06_10777	null	
EPD0158_4_G09_10778	null	
EPD0135_3_B03_10779	null	
EPD0031_2_B02_10780	null	
EPD0102_1_D08_10781	null	
EPD0117_1_G06_10782	null	
EPD0181_1_A05_10783	null	
EPD0099_1_B03_10784	null	
EPD0164_3_G07_10785	null	
EPD0089_1_A11_10786	null	
EPD0162_1_G07_10787	null	
Dlg2Dlg2<tm1Dsb>_10788	null	Dlg2<tm1Dsb>
Ifitm3Ifitm3<tm1Masu>_10789	null	Ifitm3<tm1Masu>
(Deluca)<Deluca>_10790	null	(Deluca)<Deluca>
EPD0057_2_F08_10791	null	
EPD0051_3_C10_10792	null	
1_10793	null	Hprt1<Tg(CMV-Cre)Brd>
EPD0033_3_C09_10794	null	
EPD0022_2_D02_10795	null	
EPD0051_3_D07_10796	null	
EPD0200_3_B01_10797	null	
EPD0150_2_B12_10798	null	
EPD0151_3_G04_10799	null	
EPD0167_3_F08_10800	null	
EPD0069_4_C02_10801	null	
EPD0025_3_C07_10802	null	
EPD0226_1_D04_10803	null	
EPD0147_4_F03_10804	null	
EPD0025_5_A08_10805	null	
EPD0110_1_E10_10806	null	
EPD0150_1_D07_10807	null	
EPD0143_3_B04_10808	null	
EPD0086_4_D03_10809	null	
EPD0243_2_A05_10810	null	
EPD0103_1_H06_10811	null	
EPD0164_3_H04_10812	null	
EPD0197_1_C09_10813	null	
EPD0065_4_B10_10814	null	
EPD0028_1_C04_10815	null	
EPD0132_5_C11_10816	null	
EPD0165_3_H07_10817	null	
EPD0058_2_D10_10818	null	
EPD0116_2_G06_10819	null	
EPD0093_2_B04_10820	null	
EPD0125_1_E10_10821	null	
EPD0114_2_D12_10822	null	
EPD0233_5_G07_10823	null	
EPD0200_4_C04_10824	null	
EPD0102_2_A02_10825	null	
EPD0145_4_B09_10826	null	
EPD0112_2_A09_10827	null	
EPD0381_4_F01_10828	null	
EPD0406_1_H11_10829	null	
EPD0025_2_A10_10830	null	
EPD0045_1_D02_10831	null	
EPD0359_4_A06_10832	null	
EPD0079_6_H08_10833	null	
EPD0051_5_C06_10834	null	
EPD0155_3_B07_10835	null	
EPD0113_2_B01_10836	null	
EPD0180_5_B02_10837	null	
EPD0445_4_E01_10838	null	
EPD0136_3_G02_10839	null	
EPD0272_4_C01_10840	null	
EPD0276_1_G04_10841	null	
EPD0169_3_F12_10842	null	
EPD0101_4_E03_10843	null	
EPD0146_2_A03_10844	null	
EPD0553_3_A07_10845	null	
EPD0425_4_A09_10846	null	
EPD0113_3_C11_10847	null	
EPD0155_5_A11_10848	null	
EPD0424_5_A05_10849	null	
EPD0339_5_C12_10850	null	
EPD0046_3_A04_10851	null	
EPD0143_2_E05_10852	null	
EPD0156_3_A07_10853	null	
EPD0146_1_B03_10854	null	
EPD0480_3_A06_10855	null	
EPD0468_4_B11_10856	null	
EPD0156_2_F10_10857	null	
EPD0025_1_A04_10858	null	
EPD0105_5_C02_10859	null	
EPD0300_3_C05_10860	null	
EPD0381_1_A04_10861	null	
EPD0147_2_E01_10862	null	
EPD0177_4_C08_10863	null	
EPD0463_1_A11_10864	null	
EPD0553_2_A09_10865	null	
EPD0296_3_C07_10866	null	
EPD0188_2_A02_10867	null	
EPD0371_6_D10_10868	null	
EPD0164_1_G10_10869	null	
EPD0188_1_C02_10870	null	
EPD0538_1_D06_10871	null	
EPD0525_1_B10_10872	null	
EPD0176_5_C11_10873	null	
EPD0175_1_A02_10874	null	
EPD0413_2_A01_10875	null	
EPD0555_1_E10_10876	null	
EPD0409_6_A03_10877	null	
EPD0076_1_F07_10878	null	
EPD0072_1_B09_10879	null	
EPD0521_3_G01_10880	null	
EPD0098_5_B05_10881	null	
EPD0187_2_A09_10882	null	
Ttll4Ttll4<tm1a(EUCOMM)Wtsi/H>_10883	null	Ttll4<tm1a(EUCOMM)Wtsi/H>
Entpd1Entpd1<tm1a(EUCOMM)Wtsi/Hmgu>_10884	null	Entpd1<tm1a(EUCOMM)Wtsi/Hmgu>
EPD0156_6_F07_10885	null	
EPD0547_5_C04_10886	null	
EPD0552_1_A11_10887	null	
EPD0383_1_D01_10888	null	
EPD0555_2_B11_10889	null	
EPD0452_5_E06_10890	null	
EPD0526_3_A01_10891	null	
EPD0272_2_D07_10892	null	
EPD0495_1_A04_10893	null	
EPD0046_3_B11_10894	null	
EPD0287_1_C05_10895	null	
EPD0033_3_A02_10896	null	
EPD0409_1_A08_10897	null	
EPD0078_2_C07_10898	null	
EPD0147_4_G08_10899	null	
EPD0389_5_A05_10900	null	
EPD0553_3_A01_10901	null	
EPD0211_3_A05_10902	null	
EPD0198_1_F02_10903	null	
EPD0051_2_A09_10904	null	
EPD0091_1_A11_10905	null	
EPD0554_4_A09_10906	null	
EPD0489_1_C06_10907	null	
EPD0079_5_G07_10908	null	
EPD0176_4_A01_10909	null	
EPD0453_4_B09_10910	null	
EPD0157_3_B05_10911	null	
EPD0319_2_E12_10912	null	
Clk1Clk1<tm1a(EUCOMM)Wtsi/Ics>_10913	null	Clk1<tm1a(EUCOMM)Wtsi/Ics>
EPD0027_4_H10_10914	null	
EPD0554_8_A01_10915	null	
EPD0144_3_A09_10916	null	
EPD0176_2_B06_10917	null	
EPD0073_2_C09_10918	null	
NfyaNfya<Gt(EUCJ0004f10)Hmgu>_10919	null	Nfya<Gt(EUCJ0004f10)Hmgu>
EPD0169_4_D02_10920	null	
EPD0117_4_C07_10921	null	
EPD0312_4_B10_10922	null	
EPD0168_1_D04_10923	null	
EPD0343_3_C05_10924	null	
EPD0469_5_C11_10925	null	
EPD0590_1_D02_10926	null	
EPD0050_1_E07_10927	null	
EPD0412_2_C09_10928	null	
EPD0339_4_A04_10929	null	
EPD0168_5_E05_10930	null	
EPD0287_2_B10_10931	null	
EPD0430_2_A02_10932	null	
EPD0409_5_B05_10933	null	
Secisbp2Secisbp2<tm1a(EUCOMM)Wtsi/H>_10934	null	Secisbp2<tm1a(EUCOMM)Wtsi/H>
EPD0454_5_C09_10935	null	
EPD0445_7_A03_10936	null	
EPD0296_2_A10_10937	null	
EPD0392_6_E12_10938	null	
EPD0397_5_B10_10939	null	
EPD0496_2_F10_10940	null	
EPD0091_1_C02_10941	null	
EPD0531_5_A05_10942	null	
EPD0445_4_A07_10943	null	
Rhbdl4-/-_10944	Rhbdl4	NULL
RHBDL5-AG2 _10945	RHBDL5	RHBDL5<not yet available>
EPD0557_2_C07_10946	Gse1	Gse1<tm1a(EUCOMM)Wtsi>
March 7 KO (Cross 2)_10947	MARCH7	MARCH7<not yet available>
EPD0070_1_B02_10948	Prmt1	Prmt1<tm1a(EUCOMM)Wtsi>
EPD0140_2_F02_10949	Sema5b	Sema5b<tm1a(EUCOMM)Wtsi>
EPD0261_6_C12_10950	Pbx3	Pbx3<tm1a(EUCOMM)Wtsi>
EPD0326_6_G01_10951	Hint1	Hint1<tm1a(EUCOMM)Wtsi>
HEPD0634_1_D03_10952	Mmp12	Mmp12<tm1a(EUCOMM)Hmgu>
EPD0327_3_A02_10953	BC055004	BC055004<tm1a(EUCOMM)Wtsi>
HEPD0527_4_B10_10954	Ccdc101	Ccdc101<tm1a(EUCOMM)Hmgu>
EPD0033_3_F04_10955	Kdm4c	Kdm4c<tm1a(KOMP)Wtsi>
EPD0060_1_C04_10956	Nmnat1	Nmnat1<tm1a(EUCOMM)Wtsi>
B6Dnk;129P2-HBP1<Gt(EUCJ0053g09)>/H_10957	MGI:894659	QULAN<not yet available>
EPD0242_4_B03_10958	Setmar	Setmar<tm1a(EUCOMM)Wtsi>
EPD0370_5_D04_10959	Fhl1	Fhl1<tm1a(EUCOMM)Wtsi>
EPD0066_3_H07_10960	Ankrd12	Ankrd12<tm1a(EUCOMM)Wtsi>
EPD0105_5_A07_10961	Thrb	Thrb<tm2a(EUCOMM)Wtsi>
EPD0370_6_H05_10962	Acp2	Acp2<tm1a(EUCOMM)Wtsi>
EPD0282_1_A03_10963	Cd200	Cd200<tm1a(KOMP)Wtsi>
HEPD0636_5_D03_10964	Fam70b	Fam70b<tm1a(EUCOMM)Hmgu>
HEPD0557_4_E10_10965	Elmod1	Elmod1<tm1a(EUCOMM)Hmgu>
EPD0525_1_F01_10966	Asns	Asns<tm1a(EUCOMM)Wtsi>
EPD0135_1_A05_10967	Arhgef4	Arhgef4<tm1a(KOMP)Wtsi>
EPD0065_2_E04_10968	Clk1	Clk1<tm1a(EUCOMM)Wtsi>
HEPD0619_1_B04_10969	Rnf169	Rnf169<tm1a(EUCOMM)Hmgu>
EPD0156_1_B01_10970	Entpd1	Entpd1<tm1a(EUCOMM)Wtsi>
Ifitm1_1F4_10971	Ifitm1	not yet assigned
